{
  "i18n/i18n.properties": 1687426233748,
  "i18n/i18n_en.properties": 1687426233749,
  "i18n/i18n_de.properties": 1687426233749,
  "i18n/i18n_fr.properties": 1687426233750,
  "changes/changes-bundle.json": 1687426233748,
  "changes/flexibility-bundle.json": 1687426233748,
  "manifest.json": 1687426233750,
  "Component.js": 1687426233747,
  "Component-dbg.js": 1687426233747,
  "Component.js.map": 1687432516789,
  "Component-preload.js": 1687432516920,
  "Component-preload.js.map": 1687432516920,
  "index.html": 1687426233750
}